{".env":[".env"],"assets/images/TeamPlaceholder.png":["assets/images/TeamPlaceholder.png"],"assets/images/default_profile_image.jpg":["assets/images/default_profile_image.jpg"],"assets/images/ezLogo5.png":["assets/images/ezLogo5.png"],"assets/images/match_bg.jpeg":["assets/images/match_bg.jpeg"],"assets/images/match_bg_2.jpeg":["assets/images/match_bg_2.jpeg"],"assets/images/match_bg_3.jpeg":["assets/images/match_bg_3.jpeg"],"assets/images/team_placeholder.png":["assets/images/team_placeholder.png"],"packages/cupertino_icons/assets/CupertinoIcons.ttf":["packages/cupertino_icons/assets/CupertinoIcons.ttf"]}